GivenName,Surname,samAccountName,DisplayName,Password
Aisha,Bhari,Aisha.Bhari,Aisha Bhari,Password1
Alan,Reid,Alan.Reid,Alan Reid,Password1
Alannah,Shaw,Alannah.Shaw,Alannah Shaw,Password1
Aldith,Walker,Aldith.Walker,Aldith Walker,Password1
Aleisha,Harrison,Aleisha.Harrison,Aleisha Harrison,Password1
Alex,Heyne,Alex.Heyne,Alex Heyne,Password1
Alice,Mullins,Alice.Mullins,Alice Mullins,Password1
Alison,Pugh,Alison.Pugh,Alison Pugh,Password1
Alison,Lindsay,Alison.Lindsay,Alison Lindsay,Password1
Almaz,Duggan,Almaz.Duggan,Almaz Duggan,Password1
Amanda,Watters,Amanda.Watters,Amanda Watters,Password1
Amanda,Agrawal,Amanda.Agrawal,Amanda Agrawal,Password1
Ambrine,Berry,Ambrine.Berry,Ambrine Berry,Password1
Amy,Lawrence,Amy.Lawrence,Amy Lawrence,Password1
Ana,Williams,Ana.Williams,Ana Williams,Password1
Ana,Hayes,Ana.Hayes,Ana Hayes,Password1
Andrea,Bennett,Andrea.Bennett,Andrea Bennett,Password1
Andrea,Sharma,Andrea.Sharma,Andrea Sharma,Password1
Andrew,O'Donnell,Andrew.O'Donnell,Andrew O'Donnell,Password1
Andrew,O'Grady,Andrew.O'Grady,Andrew O'Grady,Password1
Andy,Crossley,Andy.Crossley,Andy Crossley,Password1
Aneeta,Dorking,Aneeta.Dorking,Aneeta Dorking,Password1
Angela,Hole,Angela.Hole,Angela Hole,Password1
Anil,Hunt,Anil.Hunt,Anil Hunt,Password1
Ann,Parker,Ann.Parker,Ann Parker,Password1
Anna,Taylor,Anna.Taylor,Anna Taylor,Password1
Annabella,Barry,Annabella.Barry,Annabella Barry,Password1
Anne,Pearce,Anne.Pearce,Anne Pearce,Password1
Anne,Schubert,Anne.Schubert,Anne Schubert,Password1
Annette,Thomas,Annette.Thomas,Annette Thomas,Password1
Annette,O'sullivan,Annette.O'sullivan,Annette O'sullivan,Password1
Annie,Mcqueen,Annie.Mcqueen,Annie Mcqueen,Password1
Annie,Gers,Annie.Gers,Annie Gers,Password1
Avtar,Ellwood,Avtar.Ellwood,Avtar Ellwood,Password1
Barinder,Howe,Barinder.Howe,Barinder Howe,Password1
Barry,Butt,Barry.Butt,Barry Butt,Password1
Bella,Forder,Bella.Forder,Bella Forder,Password1
Bernadette,Hemming,Bernadette.Hemming,Bernadette Hemming,Password1
Bernadette,O'Connell,Bernadette.O'Connell,Bernadette O'Connell,Password1
Bina,Faria,Bina.Faria,Bina Faria,Password1
Bisi,Ivison,Bisi.Ivison,Bisi Ivison,Password1
Bozena,Kirton,Bozena.Kirton,Bozena Kirton,Password1
Bruce,Thillainayagam,Bruce.Thillainayagam,Bruce Thillainayagam,Password1
Carol,Wilson,Carol.Wilson,Carol Wilson,Password1
Carol,Reeves,Carol.Reeves,Carol Reeves,Password1
Carol,Okyere,Carol.Okyere,Carol Okyere,Password1
Carol,Tubby,Carol.Tubby,Carol Tubby,Password1
Carole,Malik,Carole.Malik,Carole Malik,Password1
Caroline,Ball,Caroline.Ball,Caroline Ball,Password1
Catherine,Brah,Catherine.Brah,Catherine Brah,Password1
Chandra,Dhiman,Chandra.Dhiman,Chandra Dhiman,Password1
Charles,Ponton,Charles.Ponton,Charles Ponton,Password1
Charlotte,Leader,Charlotte.Leader,Charlotte Leader,Password1
Charlotte,Bonsey,Charlotte.Bonsey,Charlotte Bonsey,Password1
Charmian,Burslem,Charmian.Burslem,Charmian Burslem,Password1
Chris,Majumdar,Chris.Majumdar,Chris Majumdar,Password1
Chris,White,Chris.White,Chris White,Password1
Chris,Corbett,Chris.Corbett,Chris Corbett,Password1
Chris,Pinn,Chris.Pinn,Chris Pinn,Password1
Chris,Phillips,Chris.Phillips,Chris Phillips,Password1
Chrissie,Varney,Chrissie.Varney,Chrissie Varney,Password1
Christine,Love,Christine.Love,Christine Love,Password1
Claire,Hinckley,Claire.Hinckley,Claire Hinckley,Password1
Clive,Spong,Clive.Spong,Clive Spong,Password1
Colin,McDyer,Colin.McDyer,Colin McDyer,Password1
Corinne,Brown,Corinne.Brown,Corinne Brown,Password1
Danielle,D'Costa,Danielle.D'Costa,Danielle D'Costa,Password1
Darren,Nicholls,Darren.Nicholls,Darren Nicholls,Password1
David,Marriott,David.Marriott,David Marriott,Password1
David,Hans,David.Hans,David Hans,Password1
David,Lang,David.Lang,David Lang,Password1
David,Abbott,David.Abbott,David Abbott,Password1
David,Ryan-Sak,David.Ryan-Sak,David Ryan-Sak,Password1
David,Gower,David.Gower,David Gower,Password1
Davina,Nsiah,Davina.Nsiah,Davina Nsiah,Password1
Dawn,Evans,Dawn.Evans,Dawn Evans,Password1
Dawn,Gates,Dawn.Gates,Dawn Gates,Password1
Debbie,Askew,Debbie.Askew,Debbie Askew,Password1
Debbie,Schlesinger,Debbie.Schlesinger,Debbie Schlesinger,Password1
Debbie,Amissah,Debbie.Amissah,Debbie Amissah,Password1
Debbie,Lisa,Debbie.Lisa,Debbie Lisa,Password1
Debbie,Dalgliesh,Debbie.Dalgliesh,Debbie Dalgliesh,Password1
Debbie,Ashong,Debbie.Ashong,Debbie Ashong,Password1
Debbie,Abdillahi,Debbie.Abdillahi,Debbie Abdillahi,Password1
Deborah,Docherty,Deborah.Docherty,Deborah Docherty,Password1
Debra,Lowe,Debra.Lowe,Debra Lowe,Password1
Dena,Guray,Dena.Guray,Dena Guray,Password1
Denise,Ahadi,Denise.Ahadi,Denise Ahadi,Password1
Denise,Dartnell,Denise.Dartnell,Denise Dartnell,Password1
Diana,Williams,Diana.Williams,Diana Williams,Password1
Diana,Samuda,Diana.Samuda,Diana Samuda,Password1
Diane,Hall,Diane.Hall,Diane Hall,Password1
Diane,Jones,Diane.Jones,Diane Jones,Password1
Donna,A'Bear,Donna.A'Bear,Donna A'Bear,Password1
Doreen,Brown,Doreen.Brown,Doreen Brown,Password1
Dukh,Morgan,Dukh.Morgan,Dukh Morgan,Password1
Elaine,West,Elaine.West,Elaine West,Password1
Elise,Daeth,Elise.Daeth,Elise Daeth,Password1
Elizabeth,Holloway,Elizabeth.Holloway,Elizabeth Holloway,Password1
Ella,Amaral,Ella.Amaral,Ella Amaral,Password1
Emma,Gardner,Emma.Gardner,Emma Gardner,Password1
Emma,Silvester,Emma.Silvester,Emma Silvester,Password1
Emmanuel,Wan,Emmanuel.Wan,Emmanuel Wan,Password1
Eric,Paw,Eric.Paw,Eric Paw,Password1
Famida,Ghtoray,Famida.Ghtoray,Famida Ghtoray,Password1
Ferzana,King,Ferzana.King,Ferzana King,Password1
Finn,Redhead,Finn.Redhead,Finn Redhead,Password1
Fran,Durrant,Fran.Durrant,Fran Durrant,Password1
Francesca,Johnson,Francesca.Johnson,Francesca Johnson,Password1
Frank,Warboys,Frank.Warboys,Frank Warboys,Password1
Gareth,Elgrew,Gareth.Elgrew,Gareth Elgrew,Password1
Garth,Gibbons,Garth.Gibbons,Garth Gibbons,Password1
Gary,Hopkins,Gary.Hopkins,Gary Hopkins,Password1
Gavin,Welch,Gavin.Welch,Gavin Welch,Password1
Gaynor,Gurm,Gaynor.Gurm,Gaynor Gurm,Password1
George,Barchha,George.Barchha,George Barchha,Password1
Georgie,Jeyapragasam,Georgie.Jeyapragasam,Georgie Jeyapragasam,Password1
Georgiina,Gajri,Georgiina.Gajri,Georgiina Gajri,Password1
Georgina,Nahar,Georgina.Nahar,Georgina Nahar,Password1
Gill,Williams,Gill.Williams,Gill Williams,Password1
Gill,Farrand,Gill.Farrand,Gill Farrand,Password1
Gillian,Powell,Gillian.Powell,Gillian Powell,Password1
Gurdip,Grewal,Gurdip.Grewal,Gurdip Grewal,Password1
Harinder,Rahman,Harinder.Rahman,Harinder Rahman,Password1
Harinder,Randhawa,Harinder.Randhawa,Harinder Randhawa,Password1
Harminder,Parmar,Harminder.Parmar,Harminder Parmar,Password1
Hasina,Lall,Hasina.Lall,Hasina Lall,Password1
Hasu,Janjuh,Hasu.Janjuh,Hasu Janjuh,Password1
Hayley,Byron,Hayley.Byron,Hayley Byron,Password1
Hazel,Scott-Saunders,Hazel.Scott-Saunders,Hazel Scott-Saunders,Password1
Helen,Beddell,Helen.Beddell,Helen Beddell,Password1
Helen,Bromley,Helen.Bromley,Helen Bromley,Password1
Helen,Cail,Helen.Cail,Helen Cail,Password1
Herprit,Sear,Herprit.Sear,Herprit Sear,Password1
Hilary,Shortt,Hilary.Shortt,Hilary Shortt,Password1
Hilary,Seaman,Hilary.Seaman,Hilary Seaman,Password1
Hilary,Greenall,Hilary.Greenall,Hilary Greenall,Password1
Hilary,Ramos,Hilary.Ramos,Hilary Ramos,Password1
Hugh,Sharma,Hugh.Sharma,Hugh Sharma,Password1
Imogen,Wills,Imogen.Wills,Imogen Wills,Password1
Indira,Hothi,Indira.Hothi,Indira Hothi,Password1
Iram,Tejani,Iram.Tejani,Iram Tejani,Password1
Irene,Weir,Irene.Weir,Irene Weir,Password1
Ivana,Ferrary,Ivana.Ferrary,Ivana Ferrary,Password1
Jack,Hirschorn,Jack.Hirschorn,Jack Hirschorn,Password1
Jacqueline,Chapman,Jacqueline.Chapman,Jacqueline Chapman,Password1
Jacqui,Clark,Jacqui.Clark,Jacqui Clark,Password1
Jagir,Ward,Jagir.Ward,Jagir Ward,Password1
Jan,Marway,Jan.Marway,Jan Marway,Password1
Jane,Martin,Jane.Martin,Jane Martin,Password1
Janet,Goppy,Janet.Goppy,Janet Goppy,Password1
Janice,Khan,Janice.Khan,Janice Khan,Password1
Janis,Armoogum,Janis.Armoogum,Janis Armoogum,Password1
Jas,Mahal,Jas.Mahal,Jas Mahal,Password1
Jas,Dowden,Jas.Dowden,Jas Dowden,Password1
Jatinder,Healy,Jatinder.Healy,Jatinder Healy,Password1
Jayshree,Poley,Jayshree.Poley,Jayshree Poley,Password1
Jean,Soni,Jean.Soni,Jean Soni,Password1
Jennifer,Sparks,Jennifer.Sparks,Jennifer Sparks,Password1
Jennifer,Tind,Jennifer.Tind,Jennifer Tind,Password1
Jenny,Sisodia,Jenny.Sisodia,Jenny Sisodia,Password1
Jerald,Hameed,Jerald.Hameed,Jerald Hameed,Password1
Jo,Rigby,Jo.Rigby,Jo Rigby,Password1
Jo,Boyd,Jo.Boyd,Jo Boyd,Password1
Jo,Allingham,Jo.Allingham,Jo Allingham,Password1
Joan,Hoad,Joan.Hoad,Joan Hoad,Password1
Joanna,Hughes,Joanna.Hughes,Joanna Hughes,Password1
Joanna,Luty,Joanna.Luty,Joanna Luty,Password1
John,Thompson,John.Thompson,John Thompson,Password1
John,Tilleray,John.Tilleray,John Tilleray,Password1
John,Williams,John.Williams,John Williams,Password1
John,Woodard,John.Woodard,John Woodard,Password1
John,Nandra,John.Nandra,John Nandra,Password1
Josh,Bhogal,Josh.Bhogal,Josh Bhogal,Password1
Joy,Singh,Joy.Singh,Joy Singh,Password1
Joy,Sian,Joy.Sian,Joy Sian,Password1
Jude,Daniel-Frank,Jude.Daniel-Frank,Jude Daniel-Frank,Password1
Judith,Woodland,Judith.Woodland,Judith Woodland,Password1
Judith,Rodrigues,Judith.Rodrigues,Judith Rodrigues,Password1
Judith,Forge,Judith.Forge,Judith Forge,Password1
Judy,Mollo,Judy.Mollo,Judy Mollo,Password1
Julia,Brett,Julia.Brett,Julia Brett,Password1
Julian,Morozgalska,Julian.Morozgalska,Julian Morozgalska,Password1
Julie,Chidley,Julie.Chidley,Julie Chidley,Password1
Julie,Forrester,Julie.Forrester,Julie Forrester,Password1
Julie,Blackwell,Julie.Blackwell,Julie Blackwell,Password1
Julie,Hollinshead,Julie.Hollinshead,Julie Hollinshead,Password1
Julienne,Purcell,Julienne.Purcell,Julienne Purcell,Password1
Kam,Bourdon,Kam.Bourdon,Kam Bourdon,Password1
Karen,Roberts,Karen.Roberts,Karen Roberts,Password1
Karen,Stanton,Karen.Stanton,Karen Stanton,Password1
Karen,Ramparsad,Karen.Ramparsad,Karen Ramparsad,Password1
Karen,Shah,Karen.Shah,Karen Shah,Password1
Katherine,Phipps,Katherine.Phipps,Katherine Phipps,Password1
Katherine,O'Brien,Katherine.O'Brien,Katherine O'Brien,Password1
Katherine,Mayers,Katherine.Mayers,Katherine Mayers,Password1
Kathleen,Davies,Kathleen.Davies,Kathleen Davies,Password1
Kathy,Zuiker,Kathy.Zuiker,Kathy Zuiker,Password1
Kathy,Abdullahi,Kathy.Abdullahi,Kathy Abdullahi,Password1
Kavita,Sheikh,Kavita.Sheikh,Kavita Sheikh,Password1
Kelly,Morrin,Kelly.Morrin,Kelly Morrin,Password1
Kelly,Chatir,Kelly.Chatir,Kelly Chatir,Password1
Kevin,Douglas,Kevin.Douglas,Kevin Douglas,Password1
Kieron,Bells,Kieron.Bells,Kieron Bells,Password1
Kim,Taylor,Kim.Taylor,Kim Taylor,Password1
Kiran,Taylor,Kiran.Taylor,Kiran Taylor,Password1
Laoise,Curtis,Laoise.Curtis,Laoise Curtis,Password1
Lesley,Taggart,Lesley.Taggart,Lesley Taggart,Password1
Lesley,Seltene,Lesley.Seltene,Lesley Seltene,Password1
Lesley,Smith,Lesley.Smith,Lesley Smith,Password1
Lesley,Stanton,Lesley.Stanton,Lesley Stanton,Password1
Lesley,Ahmad,Lesley.Ahmad,Lesley Ahmad,Password1
Lesley,Pereira,Lesley.Pereira,Lesley Pereira,Password1
Linda,Rosa,Linda.Rosa,Linda Rosa,Password1
Linda,Lindsay,Linda.Lindsay,Linda Lindsay,Password1
Linda,Munden,Linda.Munden,Linda Munden,Password1
Linda,Dowden,Linda.Dowden,Linda Dowden,Password1
Linda,Volo,Linda.Volo,Linda Volo,Password1
Lisa,Clarke,Lisa.Clarke,Lisa Clarke,Password1
Liz,Sharma,Liz.Sharma,Liz Sharma,Password1
Lorraine,Rideout,Lorraine.Rideout,Lorraine Rideout,Password1
Lorraine,Oza,Lorraine.Oza,Lorraine Oza,Password1
Louise,Roberts,Louise.Roberts,Louise Roberts,Password1
Louise,Bowers,Louise.Bowers,Louise Bowers,Password1
Louise,Fleming,Louise.Fleming,Louise Fleming,Password1
Louise,Doran,Louise.Doran,Louise Doran,Password1
Lucia,Kearney,Lucia.Kearney,Lucia Kearney,Password1
Lucy,Spratley,Lucy.Spratley,Lucy Spratley,Password1
Luke,Smyth,Luke.Smyth,Luke Smyth,Password1
Lydia,Haines,Lydia.Haines,Lydia Haines,Password1
Lyn,Hargreaves,Lyn.Hargreaves,Lyn Hargreaves,Password1
Lynne,Sherri,Lynne.Sherri,Lynne Sherri,Password1
Magdalene,Mann,Magdalene.Mann,Magdalene Mann,Password1
Maggie,Hengist,Maggie.Hengist,Maggie Hengist,Password1
Mahera,Bawa,Mahera.Bawa,Mahera Bawa,Password1
Manjit,Kenny,Manjit.Kenny,Manjit Kenny,Password1
Manjit,Radcliffe,Manjit.Radcliffe,Manjit Radcliffe,Password1
Manvinderpal,Ghisoni,Manvinderpal.Ghisoni,Manvinderpal Ghisoni,Password1
Marc,Itoje,Marc.Itoje,Marc Itoje,Password1
Marcia,Barnett,Marcia.Barnett,Marcia Barnett,Password1
Margaret,Headford,Margaret.Headford,Margaret Headford,Password1
Margaret,Blake,Margaret.Blake,Margaret Blake,Password1
Margaret,Carr-Miller,Margaret.Carr-Miller,Margaret Carr-Miller,Password1
Margaret,Mcleod,Margaret.Mcleod,Margaret Mcleod,Password1
Margaret,Rogers,Margaret.Rogers,Margaret Rogers,Password1
Margie,Carr,Margie.Carr,Margie Carr,Password1
Marian,Brand,Marian.Brand,Marian Brand,Password1
Marion,Pinto,Marion.Pinto,Marion Pinto,Password1
Mark,Patel,Mark.Patel,Mark Patel,Password1
Martha,Chana,Martha.Chana,Martha Chana,Password1
Martin,Rajkumar,Martin.Rajkumar,Martin Rajkumar,Password1
Martyn,Latimer,Martyn.Latimer,Martyn Latimer,Password1
Mary,Friel,Mary.Friel,Mary Friel,Password1
Mary,Hayes,Mary.Hayes,Mary Hayes,Password1
Maureen,Barrett,Maureen.Barrett,Maureen Barrett,Password1
Mavis,Cornwall,Mavis.Cornwall,Mavis Cornwall,Password1
Mayo,Hogan,Mayo.Hogan,Mayo Hogan,Password1
Meena,Salt,Meena.Salt,Meena Salt,Password1
Melanie,Thomas,Melanie.Thomas,Melanie Thomas,Password1
Merle,Elam,Merle.Elam,Merle Elam,Password1
Merrill,Cudmore,Merrill.Cudmore,Merrill Cudmore,Password1
Michael,Phillips,Michael.Phillips,Michael Phillips,Password1
Michael,Young,Michael.Young,Michael Young,Password1
Michelle,Peak,Michelle.Peak,Michelle Peak,Password1
Michelle,Stevenson,Michelle.Stevenson,Michelle Stevenson,Password1
Mike,Williams,Mike.Williams,Mike Williams,Password1
Mike,Morrissy,Mike.Morrissy,Mike Morrissy,Password1
Milli,Brockie,Milli.Brockie,Milli Brockie,Password1
Mona,Brown,Mona.Brown,Mona Brown,Password1
Morag,Cross,Morag.Cross,Morag Cross,Password1
Nadia,Siddall,Nadia.Siddall,Nadia Siddall,Password1
Naima,Meaden,Naima.Meaden,Naima Meaden,Password1
Nancy,Scott,Nancy.Scott,Nancy Scott,Password1
Narelle,Nwaizu,Narelle.Nwaizu,Narelle Nwaizu,Password1
Narinder,Collard,Narinder.Collard,Narinder Collard,Password1
Narvan,Farhan,Narvan.Farhan,Narvan Farhan,Password1
Natalie,Hirons,Natalie.Hirons,Natalie Hirons,Password1
Nathan,Keane,Nathan.Keane,Nathan Keane,Password1
Neville,Sherwin,Neville.Sherwin,Neville Sherwin,Password1
Nick,Woodman,Nick.Woodman,Nick Woodman,Password1
Nickesha,Latimer,Nickesha.Latimer,Nickesha Latimer,Password1
Nicola,Noad,Nicola.Noad,Nicola Noad,Password1
Nicola,Trujillo,Nicola.Trujillo,Nicola Trujillo,Password1
Nicola,Clare,Nicola.Clare,Nicola Clare,Password1
Nicola,Trani,Nicola.Trani,Nicola Trani,Password1
Nicola,Elghazi,Nicola.Elghazi,Nicola Elghazi,Password1
Nina,Davidson,Nina.Davidson,Nina Davidson,Password1
Nuno,Lowe,Nuno.Lowe,Nuno Lowe,Password1
Olive,Weeks,Olive.Weeks,Olive Weeks,Password1
Oliver,Loffler,Oliver.Loffler,Oliver Loffler,Password1
Pakwei,Dean,Pakwei.Dean,Pakwei Dean,Password1
Paresh,Gerrard,Paresh.Gerrard,Paresh Gerrard,Password1
Parmjit,Pusey,Parmjit.Pusey,Parmjit Pusey,Password1
Patricia,Major,Patricia.Major,Patricia Major,Password1
Patricia,Soodi,Patricia.Soodi,Patricia Soodi,Password1
Paul,Yorke,Paul.Yorke,Paul Yorke,Password1
Paul,Linwood,Paul.Linwood,Paul Linwood,Password1
Pauline,Kovacs,Pauline.Kovacs,Pauline Kovacs,Password1
Pauline,Taylor,Pauline.Taylor,Pauline Taylor,Password1
Pauline,Barnes,Pauline.Barnes,Pauline Barnes,Password1
Phil,Collett,Phil.Collett,Phil Collett,Password1
Phil,Lussier,Phil.Lussier,Phil Lussier,Password1
Polly,Ogundipe,Polly.Ogundipe,Polly Ogundipe,Password1
Pradip,Rasulian,Pradip.Rasulian,Pradip Rasulian,Password1
Prathee,Dar,Prathee.Dar,Prathee Dar,Password1
Priya,Smith,Priya.Smith,Priya Smith,Password1
Punam,Elkington,Punam.Elkington,Punam Elkington,Password1
Rachael,Slough,Rachael.Slough,Rachael Slough,Password1
Rachel,Glennon,Rachel.Glennon,Rachel Glennon,Password1
Rachel,Jones,Rachel.Jones,Rachel Jones,Password1
Rajdeep,Buckle,Rajdeep.Buckle,Rajdeep Buckle,Password1
Rajinder,Lelliott,Rajinder.Lelliott,Rajinder Lelliott,Password1
Rajinder,Mott,Rajinder.Mott,Rajinder Mott,Password1
Ranjit,Mcilvenna,Ranjit.Mcilvenna,Ranjit Mcilvenna,Password1
Ranjit,Rosset,Ranjit.Rosset,Ranjit Rosset,Password1
Ravi,Edmonds,Ravi.Edmonds,Ravi Edmonds,Password1
Rebecca,Vintin,Rebecca.Vintin,Rebecca Vintin,Password1
Rebecca,OShea,Rebecca.OShea,Rebecca OShea,Password1
Richard,Bennett,Richard.Bennett,Richard Bennett,Password1
Rie,Hopkins,Rie.Hopkins,Rie Hopkins,Password1
Robert,Henderson,Robert.Henderson,Robert Henderson,Password1
Roger,Purewal,Roger.Purewal,Roger Purewal,Password1
Roger,Rihal,Roger.Rihal,Roger Rihal,Password1
Rosalina,Ghatora,Rosalina.Ghatora,Rosalina Ghatora,Password1
Rosemary,Jagdev,Rosemary.Jagdev,Rosemary Jagdev,Password1
Rowena,Khan,Rowena.Khan,Rowena Khan,Password1
Rupinder,Zaveri,Rupinder.Zaveri,Rupinder Zaveri,Password1
Ruth,Cherry,Ruth.Cherry,Ruth Cherry,Password1
Sabi,Smith,Sabi.Smith,Sabi Smith,Password1
Salma,Green,Salma.Green,Salma Green,Password1
Sandra,Watson,Sandra.Watson,Sandra Watson,Password1
Sandy,Williams,Sandy.Williams,Sandy Williams,Password1
Sara,Rana,Sara.Rana,Sara Rana,Password1
Sarah,Baker,Sarah.Baker,Sarah Baker,Password1
Sarah,Jones,Sarah.Jones,Sarah Jones,Password1
Sarah,Reilly,Sarah.Reilly,Sarah Reilly,Password1
Sarah,Strudwick,Sarah.Strudwick,Sarah Strudwick,Password1
Sasha,Magee,Sasha.Magee,Sasha Magee,Password1
Sekani,Clulow,Sekani.Clulow,Sekani Clulow,Password1
Shah,Gogia,Shah.Gogia,Shah Gogia,Password1
Sharmila,Hafri,Sharmila.Hafri,Sharmila Hafri,Password1
Sharnjit,Mcilroy,Sharnjit.Mcilroy,Sharnjit Mcilroy,Password1
Sharon,Butler,Sharon.Butler,Sharon Butler,Password1
Sharon,Lalor,Sharon.Lalor,Sharon Lalor,Password1
Sheena,Underwood,Sheena.Underwood,Sheena Underwood,Password1
Sheetal,Stephens,Sheetal.Stephens,Sheetal Stephens,Password1
Shirley,Jaggi,Shirley.Jaggi,Shirley Jaggi,Password1
Sneh,Hedges,Sneh.Hedges,Sneh Hedges,Password1
Sonal,Cooper,Sonal.Cooper,Sonal Cooper,Password1
Sonia,Smith,Sonia.Smith,Sonia Smith,Password1
Stephen,Porter,Stephen.Porter,Stephen Porter,Password1
Stuart,Beauchamp,Stuart.Beauchamp,Stuart Beauchamp,Password1
Sue,Sahota,Sue.Sahota,Sue Sahota,Password1
Sue,Chandarana,Sue.Chandarana,Sue Chandarana,Password1
Sue,Dhami,Sue.Dhami,Sue Dhami,Password1
Sue,Malhotra,Sue.Malhotra,Sue Malhotra,Password1
Sue,Andress,Sue.Andress,Sue Andress,Password1
Sue,Cooper,Sue.Cooper,Sue Cooper,Password1
Sue,Reynolds,Sue.Reynolds,Sue Reynolds,Password1
Sue,Swann,Sue.Swann,Sue Swann,Password1
Sukhi,Samuel,Sukhi.Samuel,Sukhi Samuel,Password1
Sukhjit,Emmerson,Sukhjit.Emmerson,Sukhjit Emmerson,Password1
Suki,Murray,Suki.Murray,Suki Murray,Password1
Sukvinder,Bacquenois,Sukvinder.Bacquenois,Sukvinder Bacquenois,Password1
Susan,Hamilton,Susan.Hamilton,Susan Hamilton,Password1
Susan,Yorke,Susan.Yorke,Susan Yorke,Password1
Tara,Fisher,Tara.Fisher,Tara Fisher,Password1
Techno,Culhane,Techno.Culhane,Techno Culhane,Password1
Teresa,Woods,Teresa.Woods,Teresa Woods,Password1
Theresa,Bolt,Theresa.Bolt,Theresa Bolt,Password1
Tina,Miller,Tina.Miller,Tina Miller,Password1
Trevor,Reece,Trevor.Reece,Trevor Reece,Password1
Trudy,Sethi,Trudy.Sethi,Trudy Sethi,Password1
Val,Horne,Val.Horne,Val Horne,Password1
Valerie,Prior,Valerie.Prior,Valerie Prior,Password1
Valerie,Andrews,Valerie.Andrews,Valerie Andrews,Password1
Valerie,Owens,Valerie.Owens,Valerie Owens,Password1
Veronica,Pettersen,Veronica.Pettersen,Veronica Pettersen,Password1
Victoria,Richardson,Victoria.Richardson,Victoria Richardson,Password1
Vik,Kirby,Vik.Kirby,Vik Kirby,Password1
Vina,Naish,Vina.Naish,Vina Naish,Password1
Wendy,Fyson,Wendy.Fyson,Wendy Fyson,Password1
Yoke,Davies,Yoke.Davies,Yoke Davies,Password1
Yvette,Willis,Yvette.Willis,Yvette Willis,Password1
Yvonne,Bardall,Yvonne.Bardall,Yvonne Bardall,Password1
Yvonne,Sladen,Yvonne.Sladen,Yvonne Sladen,Password1
Zena,James,Zena.James,Zena James,Password1
