GivenName,Surname,samAccountName,DisplayName,Password
Abdul,Yanwube,Abdul.Yanwube,Abdul Yanwube,Password1
Abiola,Yadav,Abiola.Yadav,Abiola Yadav,Password1
Ada,Worboys,Ada.Worboys,Ada Worboys,Password1
Adam,Woolley,Adam.Woolley,Adam Woolley,Password1
Ade,Woodhead,Ade.Woodhead,Ade Woodhead,Password1
Ahsan,Woodford,Ahsan.Woodford,Ahsan Woodford,Password1
Alasdair,Wood,Alasdair.Wood,Alasdair Wood,Password1
Alf,Witham,Alf.Witham,Alf Witham,Password1
Ali,Winfield,Ali.Winfield,Ali Winfield,Password1
Amelia,Wilson,Amelia.Wilson,Amelia Wilson,Password1
Amer,Wilson,Amer.Wilson,Amer Wilson,Password1
Andrea,Wilson,Andrea.Wilson,Andrea Wilson,Password1
Andrea,Wilsdon,Andrea.Wilsdon,Andrea Wilsdon,Password1
Andrew,Williams,Andrew.Williams,Andrew Williams,Password1
Andrew,Whiting,Andrew.Whiting,Andrew Whiting,Password1
Andrew,White,Andrew.White,Andrew White,Password1
Andy,White,Andy.White,Andy White,Password1
Andy,Whatley,Andy.Whatley,Andy Whatley,Password1
Angela,West,Angela.West,Angela West,Password1
Angela,Wells,Angela.Wells,Angela Wells,Password1
Anisha,Watson,Anisha.Watson,Anisha Watson,Password1
Anita,Warner,Anita.Warner,Anita Warner,Password1
Ann,Walters,Ann.Walters,Ann Walters,Password1
Anna,Walsh,Anna.Walsh,Anna Walsh,Password1
Anne,Walrond,Anne.Walrond,Anne Walrond,Password1
Anthony,Wallis,Anthony.Wallis,Anthony Wallis,Password1
Anthony,Walker,Anthony.Walker,Anthony Walker,Password1
Anthony,Wakefield,Anthony.Wakefield,Anthony Wakefield,Password1
Anu,Wade,Anu.Wade,Anu Wade,Password1
Ash,Vettese,Ash.Vettese,Ash Vettese,Password1
Asha,venter,Asha.venter,Asha venter,Password1
Augustina,vass,Augustina.vass,Augustina vass,Password1
Aydarus,Varia,Aydarus.Varia,Aydarus Varia,Password1
Ayo,Ubhi,Ayo.Ubhi,Ayo Ubhi,Password1
Aysha,Ubhi,Aysha.Ubhi,Aysha Ubhi,Password1
Babatunde,Tyger,Babatunde.Tyger,Babatunde Tyger,Password1
Baljit,Twyford,Baljit.Twyford,Baljit Twyford,Password1
Barbara,Turner,Barbara.Turner,Barbara Turner,Password1
Barinder,Tunley,Barinder.Tunley,Barinder Tunley,Password1
Barry,Tune,Barry.Tune,Barry Tune,Password1
Barry,Trindell,Barry.Trindell,Barry Trindell,Password1
Barry,Tramell,Barry.Tramell,Barry Tramell,Password1
Benedicta,Toshkova,Benedicta.Toshkova,Benedicta Toshkova,Password1
Bernadette,Tomkins,Bernadette.Tomkins,Bernadette Tomkins,Password1
Bernie,Tomkins,Bernie.Tomkins,Bernie Tomkins,Password1
Beverley,Tobin,Beverley.Tobin,Beverley Tobin,Password1
Bilal,Tillekeratne,Bilal.Tillekeratne,Bilal Tillekeratne,Password1
Bill,Tidy,Bill.Tidy,Bill Tidy,Password1
Bob,Thompson,Bob.Thompson,Bob Thompson,Password1
Bradley,Thomas,Bradley.Thomas,Bradley Thomas,Password1
Brenda,Thind,Brenda.Thind,Brenda Thind,Password1
Brenda,Terry,Brenda.Terry,Brenda Terry,Password1
Brian,Team,Brian.Team,Brian Team,Password1
Brian,Taylor,Brian.Taylor,Brian Taylor,Password1
Bruce,Taylor,Bruce.Taylor,Bruce Taylor,Password1
Carol,Tanriverdi,Carol.Tanriverdi,Carol Tanriverdi,Password1
Carol,Support,Carol.Support,Carol Support,Password1
Caroline,Stradling,Caroline.Stradling,Caroline Stradling,Password1
Caroline,Stokes,Caroline.Stokes,Caroline Stokes,Password1
Carrie,Stockton,Carrie.Stockton,Carrie Stockton,Password1
Cassandra,Stiles,Cassandra.Stiles,Cassandra Stiles,Password1
Celia,Stevens,Celia.Stevens,Celia Stevens,Password1
Chandra,Stanton,Chandra.Stanton,Chandra Stanton,Password1
Charmaine,Stansby,Charmaine.Stansby,Charmaine Stansby,Password1
Cherry,Ssenyonga,Cherry.Ssenyonga,Cherry Ssenyonga,Password1
Chris,Spiller,Chris.Spiller,Chris Spiller,Password1
Chris,Spiers,Chris.Spiers,Chris Spiers,Password1
Chris,Spencer,Chris.Spencer,Chris Spencer,Password1
Christine,Sohdi,Christine.Sohdi,Christine Sohdi,Password1
Christo,Smith2,Christo.Smith2,Christo Smith2,Password1
Christopher,Smith,Christopher.Smith,Christopher Smith,Password1
Cindy,Smith,Cindy.Smith,Cindy Smith,Password1
Claire,Smith,Claire.Smith,Claire Smith,Password1
Clementine,Smith,Clementine.Smith,Clementine Smith,Password1
Clive,Smith,Clive.Smith,Clive Smith,Password1
Colin,Smith,Colin.Smith,Colin Smith,Password1
Colin,Small,Colin.Small,Colin Small,Password1
Craig,Siva,Craig.Siva,Craig Siva,Password1
Cullen,Singh,Cullen.Singh,Cullen Singh,Password1
Daksha,Sims,Daksha.Sims,Daksha Sims,Password1
Daljit,Simpson,Daljit.Simpson,Daljit Simpson,Password1
Daniel,Sidhu,Daniel.Sidhu,Daniel Sidhu,Password1
Danielle,Short,Danielle.Short,Danielle Short,Password1
Danny,Sheikh,Danny.Sheikh,Danny Sheikh,Password1
Danny,Sheddon,Danny.Sheddon,Danny Sheddon,Password1
Dave,Shears,Dave.Shears,Dave Shears,Password1
Dave,Shaw,Dave.Shaw,Dave Shaw,Password1
Dave,Sharma,Dave.Sharma,Dave Sharma,Password1
Dave,Shah,Dave.Shah,Dave Shah,Password1
David,Selvaguru,David.Selvaguru,David Selvaguru,Password1
David,Selfridge,David.Selfridge,David Selfridge,Password1
David,Sehmi,David.Sehmi,David Sehmi,Password1
David,Sebastian,David.Sebastian,David Sebastian,Password1
David,Searle,David.Searle,David Searle,Password1
David,Scriven,David.Scriven,David Scriven,Password1
David,Scott,David.Scott,David Scott,Password1
David,Saund,David.Saund,David Saund,Password1
Davinder,Sassi-Sparkes,Davinder.Sassi-Sparkes,Davinder Sassi-Sparkes,Password1
Dawn,Saroop,Dawn.Saroop,Dawn Saroop,Password1
Debbie,Santos,Debbie.Santos,Debbie Santos,Password1
Debora,Sandhu,Debora.Sandhu,Debora Sandhu,Password1
Deborah,Sandhu,Deborah.Sandhu,Deborah Sandhu,Password1
Denise,Sandhu,Denise.Sandhu,Denise Sandhu,Password1
Dennis,Sandhu,Dennis.Sandhu,Dennis Sandhu,Password1
Deon,Samuel,Deon.Samuel,Deon Samuel,Password1
Derek,Salmon,Derek.Salmon,Derek Salmon,Password1
Desmond,Saini,Desmond.Saini,Desmond Saini,Password1
Devina,Sahans,Devina.Sahans,Devina Sahans,Password1
Devinder,Ruff,Devinder.Ruff,Devinder Ruff,Password1
Diana,Rowley,Diana.Rowley,Diana Rowley,Password1
Diana,Rowledge,Diana.Rowledge,Diana Rowledge,Password1
Diane,Rowlands,Diane.Rowlands,Diane Rowlands,Password1
Diane,Roughead,Diane.Roughead,Diane Roughead,Password1
Diane,Rosario,Diane.Rosario,Diane Rosario,Password1
Don,Rooprai,Don.Rooprai,Don Rooprai,Password1
Donna,Robinson,Donna.Robinson,Donna Robinson,Password1
dorcus,Robinson,dorcus.Robinson,dorcus Robinson,Password1
Doreen,Robinson,Doreen.Robinson,Doreen Robinson,Password1
Dot,Robinson,Dot.Robinson,Dot Robinson,Password1
Doug,Richardson,Doug.Richardson,Doug Richardson,Password1
Ed,Reid,Ed.Reid,Ed Reid,Password1
Eddie,Rehal,Eddie.Rehal,Eddie Rehal,Password1
Eddie,Rees,Eddie.Rees,Eddie Rees,Password1
Edyta,Ravi,Edyta.Ravi,Edyta Ravi,Password1
Eileen,Raveney,Eileen.Raveney,Eileen Raveney,Password1
Eileen,Ratcliffe,Eileen.Ratcliffe,Eileen Ratcliffe,Password1
Elaine,Rankine,Elaine.Rankine,Elaine Rankine,Password1
Elaine,Randhawa,Elaine.Randhawa,Elaine Randhawa,Password1
Elaine,Rahman,Elaine.Rahman,Elaine Rahman,Password1
Elliot,Radia,Elliot.Radia,Elliot Radia,Password1
Emma,Qureshi,Emma.Qureshi,Emma Qureshi,Password1
Emma,Prendergast,Emma.Prendergast,Emma Prendergast,Password1
Emma,Power,Emma.Power,Emma Power,Password1
Emma,Potter,Emma.Potter,Emma Potter,Password1
Emma,Popoola,Emma.Popoola,Emma Popoola,Password1
Emma,Podles,Emma.Podles,Emma Podles,Password1
Eric,Playle,Eric.Playle,Eric Playle,Password1
Ernie,Pettifor,Ernie.Pettifor,Ernie Pettifor,Password1
Ernie,Pether,Ernie.Pether,Ernie Pether,Password1
Etaize,Peters,Etaize.Peters,Etaize Peters,Password1
Ethisham,Perry,Ethisham.Perry,Ethisham Perry,Password1
Ewa,Perkins,Ewa.Perkins,Ewa Perkins,Password1
Eylem,Penny,Eylem.Penny,Eylem Penny,Password1
Farida,Peerbux,Farida.Peerbux,Farida Peerbux,Password1
Farooq,Peart,Farooq.Peart,Farooq Peart,Password1
Fiona,Pearce,Fiona.Pearce,Fiona Pearce,Password1
Fiona,Peacock,Fiona.Peacock,Fiona Peacock,Password1
Fiona,Peach,Fiona.Peach,Fiona Peach,Password1
Francesca,Patrick,Francesca.Patrick,Francesca Patrick,Password1
Francoise,Paton,Francoise.Paton,Francoise Paton,Password1
Frank,Patel,Frank.Patel,Frank Patel,Password1
Fred,Patel,Fred.Patel,Fred Patel,Password1
Galina,Panesar,Galina.Panesar,Galina Panesar,Password1
Gareth,Panesar,Gareth.Panesar,Gareth Panesar,Password1
Gareth,Padwal,Gareth.Padwal,Gareth Padwal,Password1
Garry,Padwal,Garry.Padwal,Garry Padwal,Password1
Gary,Otesanya,Gary.Otesanya,Gary Otesanya,Password1
Gary,O'Shea,Gary.O'Shea,Gary O'Shea,Password1
Gavin,Oseni,Gavin.Oseni,Gavin Oseni,Password1
Gemma,O'Rourke,Gemma.O'Rourke,Gemma O'Rourke,Password1
George,Orme,George.Orme,George Orme,Password1
Gerald,Onyango,Gerald.Onyango,Gerald Onyango,Password1
Geraldine,O'Neill,Geraldine.O'Neill,Geraldine O'Neill,Password1
Gerry,Omilabu,Gerry.Omilabu,Gerry Omilabu,Password1
Gerry,Okatch,Gerry.Okatch,Gerry Okatch,Password1
Gill,Ohari,Gill.Ohari,Gill Ohari,Password1
Gill,Ogunsanya,Gill.Ogunsanya,Gill Ogunsanya,Password1
Gina,Oake,Gina.Oake,Gina Oake,Password1
Gloria,Oake,Gloria.Oake,Gloria Oake,Password1
Godfrey,Nwanze,Godfrey.Nwanze,Godfrey Nwanze,Password1
Graham,Nwanze,Graham.Nwanze,Graham Nwanze,Password1
Graham,Nwalozie-Mark,Graham.Nwalozie-Mark,Graham Nwalozie-Mark,Password1
Graham,Nunn,Graham.Nunn,Graham Nunn,Password1
Graham,Nugent,Graham.Nugent,Graham Nugent,Password1
Greg,Nugent,Greg.Nugent,Greg Nugent,Password1
Guna,Norman,Guna.Norman,Guna Norman,Password1
Gurdeep,Noel,Gurdeep.Noel,Gurdeep Noel,Password1
Gurjit,Noad,Gurjit.Noad,Gurjit Noad,Password1
Gurpreet,Nirmalakumaran,Gurpreet.Nirmalakumaran,Gurpreet Nirmalakumaran,Password1
Guvneet,Nichols,Guvneet.Nichols,Guvneet Nichols,Password1
Gwyn,Newman,Gwyn.Newman,Gwyn Newman,Password1
Hanna,Newman,Hanna.Newman,Hanna Newman,Password1
Hardeep,Newman,Hardeep.Newman,Hardeep Newman,Password1
Harkiran,Nelson,Harkiran.Nelson,Harkiran Nelson,Password1
Harmesh,Nardone,Harmesh.Nardone,Harmesh Nardone,Password1
Harminder,Napper,Harminder.Napper,Harminder Napper,Password1
Harris,Myers,Harris.Myers,Harris Myers,Password1
Harry,Mwonge,Harry.Mwonge,Harry Mwonge,Password1
Hayley,Mutibwa,Hayley.Mutibwa,Hayley Mutibwa,Password1
Hayley,Muthirakkala,Hayley.Muthirakkala,Hayley Muthirakkala,Password1
Heather,Murphy,Heather.Murphy,Heather Murphy,Password1
Heidi,Murphy,Heidi.Murphy,Heidi Murphy,Password1
Heitor,Mundy,Heitor.Mundy,Heitor Mundy,Password1
Helen,Munden,Helen.Munden,Helen Munden,Password1
Helen,Mullins,Helen.Mullins,Helen Mullins,Password1
Hemi,Mulhall,Hemi.Mulhall,Hemi Mulhall,Password1
Himanshu,Mukherjee,Himanshu.Mukherjee,Himanshu Mukherjee,Password1
Hitesh,Mossman,Hitesh.Mossman,Hitesh Mossman,Password1
Howard,Mossman,Howard.Mossman,Howard Mossman,Password1
Ian,Moses,Ian.Moses,Ian Moses,Password1
Ian,Moscrop,Ian.Moscrop,Ian Moscrop,Password1
Ian,Montgomery,Ian.Montgomery,Ian Montgomery,Password1
Ian,Mitchell,Ian.Mitchell,Ian Mitchell,Password1
Ian,Minto,Ian.Minto,Ian Minto,Password1
Ian,Miller,Ian.Miller,Ian Miller,Password1
Ian,Messaoudi,Ian.Messaoudi,Ian Messaoudi,Password1
Ian,Merrick,Ian.Merrick,Ian Merrick,Password1
Ian,Mepstead,Ian.Mepstead,Ian Mepstead,Password1
Inderaj,Memory,Inderaj.Memory,Inderaj Memory,Password1
Inderjit,Medland,Inderjit.Medland,Inderjit Medland,Password1
Inderpal,Medland,Inderpal.Medland,Inderpal Medland,Password1
Indy,McQuoid,Indy.McQuoid,Indy McQuoid,Password1
Ingrid,McNelly,Ingrid.McNelly,Ingrid McNelly,Password1
Irene,McLaughlin,Irene.McLaughlin,Irene McLaughlin,Password1
Jackie,McGrath,Jackie.McGrath,Jackie McGrath,Password1
Jackie,McDonnell,Jackie.McDonnell,Jackie McDonnell,Password1
Jacky,Mcdonald,Jacky.Mcdonald,Jacky Mcdonald,Password1
Jacqueline,Mccarthy,Jacqueline.Mccarthy,Jacqueline Mccarthy,Password1
Jacqueline,Mcaleavey,Jacqueline.Mcaleavey,Jacqueline Mcaleavey,Password1
jacques,Mazzone,jacques.Mazzone,jacques Mazzone,Password1
Jagdish,Matthews-getty,Jagdish.Matthews-getty,Jagdish Matthews-getty,Password1
Jai,Matthews,Jai.Matthews,Jai Matthews,Password1
James,Martin,James.Martin,James Martin,Password1
Jane,Martin,Jane.Martin,Jane Martin,Password1
Jane,Mansbridge,Jane.Mansbridge,Jane Mansbridge,Password1
Janet,Mann,Janet.Mann,Janet Mann,Password1
Janet,Mancunga,Janet.Mancunga,Janet Mancunga,Password1
Janet,Malhotra,Janet.Malhotra,Janet Malhotra,Password1
Jas,Malde,Jas.Malde,Jas Malde,Password1
Jas,Makwana,Jas.Makwana,Jas Makwana,Password1
Jason,Majendie,Jason.Majendie,Jason Majendie,Password1
Jason,Mahmoud,Jason.Mahmoud,Jason Mahmoud,Password1
jason,Mahat,jason.Mahat,jason Mahat,Password1
Jason,Lynch,Jason.Lynch,Jason Lynch,Password1
Jaspal,Lowenberg,Jaspal.Lowenberg,Jaspal Lowenberg,Password1
Jay,Lord,Jay.Lord,Jay Lord,Password1
Jenny,Long,Jenny.Long,Jenny Long,Password1
Jesse,Logan,Jesse.Logan,Jesse Logan,Password1
Jill,Lock,Jill.Lock,Jill Lock,Password1
Jill,Lloyd-Wynter,Jill.Lloyd-Wynter,Jill Lloyd-Wynter,Password1
Jim,Linegar,Jim.Linegar,Jim Linegar,Password1
Jim,Lewis,Jim.Lewis,Jim Lewis,Password1
Jinni,Letch,Jinni.Letch,Jinni Letch,Password1
Joanna,Leonard,Joanna.Leonard,Joanna Leonard,Password1
Joannah,Lemaire,Joannah.Lemaire,Joannah Lemaire,Password1
Joe,Lee,Joe.Lee,Joe Lee,Password1
John,Layden,John.Layden,John Layden,Password1
John,Lawrence,John.Lawrence,John Lawrence,Password1
John,Lander,John.Lander,John Lander,Password1
John,Lakhenpaul,John.Lakhenpaul,John Lakhenpaul,Password1
John,Lais,John.Lais,John Lais,Password1
John,Ladwa,John.Ladwa,John Ladwa,Password1
John,Ladha,John.Ladha,John Ladha,Password1
John,Kokkinou,John.Kokkinou,John Kokkinou,Password1
John,knight,John.knight,John knight,Password1
Joji,Kitson,Joji.Kitson,Joji Kitson,Password1
jonathan,Kirwin,jonathan.Kirwin,jonathan Kirwin,Password1
Jose,Kinyanjui,Jose.Kinyanjui,Jose Kinyanjui,Password1
Josie,Kingston,Josie.Kingston,Josie Kingston,Password1
Joy,King,Joy.King,Joy King,Password1
Joyce,Khasriya,Joyce.Khasriya,Joyce Khasriya,Password1
Judy,Khan,Judy.Khan,Judy Khan,Password1
Julia,Khan,Julia.Khan,Julia Khan,Password1
Julian,Khan,Julian.Khan,Julian Khan,Password1
Julie,Keys,Julie.Keys,Julie Keys,Password1
Julie,Keogh,Julie.Keogh,Julie Keogh,Password1
Julius,Kemu,Julius.Kemu,Julius Kemu,Password1
Kamini,Kay,Kamini.Kay,Kamini Kay,Password1
Kanchan,Kaukau,Kanchan.Kaukau,Kanchan Kaukau,Password1
Kanex,Karwal,Kanex.Karwal,Kanex Karwal,Password1
Karen,Kamara,Karen.Kamara,Karen Kamara,Password1
Karen,Kalsi,Karen.Kalsi,Karen Kalsi,Password1
Karen,Kakompe,Karen.Kakompe,Karen Kakompe,Password1
Karen,Kaill,Karen.Kaill,Karen Kaill,Password1
Karen,Kaderbhai,Karen.Kaderbhai,Karen Kaderbhai,Password1
Karen,Josephs,Karen.Josephs,Karen Josephs,Password1
Kate,Joseph,Kate.Joseph,Kate Joseph,Password1
Kathie,Jordan,Kathie.Jordan,Kathie Jordan,Password1
Kathy,Jones,Kathy.Jones,Kathy Jones,Password1
Katy,Jones,Katy.Jones,Katy Jones,Password1
Kayleigh,Jones,Kayleigh.Jones,Kayleigh Jones,Password1
Keith,Johns,Keith.Johns,Keith Johns,Password1
Keith,Jervis,Keith.Jervis,Keith Jervis,Password1
Keith,Jenkins,Keith.Jenkins,Keith Jenkins,Password1
Kelly,Jenkins,Kelly.Jenkins,Kelly Jenkins,Password1
Kevin,Jeffery,Kevin.Jeffery,Kevin Jeffery,Password1
Kevin,James,Kevin.James,Kevin James,Password1
Khalid,Jalloh,Khalid.Jalloh,Khalid Jalloh,Password1
Khurrum,Jadav,Khurrum.Jadav,Khurrum Jadav,Password1
Kim,Irfan,Kim.Irfan,Kim Irfan,Password1
Kim,Iqbal,Kim.Iqbal,Kim Iqbal,Password1
Kinjal,Ions,Kinjal.Ions,Kinjal Ions,Password1
Kiran,Iliffe,Kiran.Iliffe,Kiran Iliffe,Password1
Kirk,Ibrahimi,Kirk.Ibrahimi,Kirk Ibrahimi,Password1
Kumar,Hutchinson,Kumar.Hutchinson,Kumar Hutchinson,Password1
Kunal,Hutchinson,Kunal.Hutchinson,Kunal Hutchinson,Password1
Larry,Hutchins,Larry.Hutchins,Larry Hutchins,Password1
Lauren,Hussein,Lauren.Hussein,Lauren Hussein,Password1
Laurence,Hunt,Laurence.Hunt,Laurence Hunt,Password1
Lavern,Hughes,Lavern.Hughes,Lavern Hughes,Password1
Layla,Hughes,Layla.Hughes,Layla Hughes,Password1
Lee,Hudson,Lee.Hudson,Lee Hudson,Password1
Lee,Howes,Lee.Howes,Lee Howes,Password1
Lee,Howard,Lee.Howard,Lee Howard,Password1
Les,Howard,Les.Howard,Les Howard,Password1
Lesley,Horne,Lesley.Horne,Lesley Horne,Password1
Leslie,Holt,Leslie.Holt,Leslie Holt,Password1
Lewis,Holmes,Lewis.Holmes,Lewis Holmes,Password1
Linda,Holden,Linda.Holden,Linda Holden,Password1
Linda,Hodges,Linda.Hodges,Linda Hodges,Password1
Linda,Hoare,Linda.Hoare,Linda Hoare,Password1
Linda,Hinds,Linda.Hinds,Linda Hinds,Password1
Linsey,Hill-Hottinger,Linsey.Hill-Hottinger,Linsey Hill-Hottinger,Password1
Lisa,Hill,Lisa.Hill,Lisa Hill,Password1
Lita,Higginson,Lita.Higginson,Lita Higginson,Password1
Liz,Hedges,Liz.Hedges,Liz Hedges,Password1
Lonnie,Hazelgrove,Lonnie.Hazelgrove,Lonnie Hazelgrove,Password1
Louis,Hayter,Louis.Hayter,Louis Hayter,Password1
Louise,Haynes,Louise.Haynes,Louise Haynes,Password1
Louise,Hayes,Louise.Hayes,Louise Hayes,Password1
Lucy,Hawes,Lucy.Hawes,Lucy Hawes,Password1
Lucy,Hassan,Lucy.Hassan,Lucy Hassan,Password1
Lyn,Hassan,Lyn.Hassan,Lyn Hassan,Password1
Lynn,Hassan,Lynn.Hassan,Lynn Hassan,Password1
Lyudmila,Harvey,Lyudmila.Harvey,Lyudmila Harvey,Password1
Madeline,Hart,Madeline.Hart,Madeline Hart,Password1
Mahomed,Harris,Mahomed.Harris,Mahomed Harris,Password1
Malcolm,Haq,Malcolm.Haq,Malcolm Haq,Password1
Malcolm,Hankins,Malcolm.Hankins,Malcolm Hankins,Password1
Malcolm,Hanif,Malcolm.Hanif,Malcolm Hanif,Password1
Malkeet,Hammond,Malkeet.Hammond,Malkeet Hammond,Password1
Mandeep,Hamilton,Mandeep.Hamilton,Mandeep Hamilton,Password1
Manjit,Hamilton,Manjit.Hamilton,Manjit Hamilton,Password1
Manpreet,Halfrose,Manpreet.Halfrose,Manpreet Halfrose,Password1
Marcia,Hadfield,Marcia.Hadfield,Marcia Hadfield,Password1
Margaret,Guymer,Margaret.Guymer,Margaret Guymer,Password1
Margaret,Guyett,Margaret.Guyett,Margaret Guyett,Password1
Margaret,Gumbs,Margaret.Gumbs,Margaret Gumbs,Password1
Maria,Grogan,Maria.Grogan,Maria Grogan,Password1
Mark,Grogan,Mark.Grogan,Mark Grogan,Password1
Mark,grimes,Mark.grimes,Mark grimes,Password1
Mark,Grigg,Mark.Grigg,Mark Grigg,Password1
Mark,Griffiths,Mark.Griffiths,Mark Griffiths,Password1
Mark,Gregory,Mark.Gregory,Mark Gregory,Password1
Mark,Greetham,Mark.Greetham,Mark Greetham,Password1
Martin,Greenway,Martin.Greenway,Martin Greenway,Password1
Martin,Green,Martin.Green,Martin Green,Password1
Martin,Gray,Martin.Gray,Martin Gray,Password1
Martin,Gravesen,Martin.Gravesen,Martin Gravesen,Password1
Martin,Grant,Martin.Grant,Martin Grant,Password1
Matt,Grant,Matt.Grant,Matt Grant,Password1
Matthew,Govers,Matthew.Govers,Matthew Govers,Password1
Mayowa,Gouws,Mayowa.Gouws,Mayowa Gouws,Password1
Mel,Goodwin,Mel.Goodwin,Mel Goodwin,Password1
Michael,Goodmansingh,Michael.Goodmansingh,Michael Goodmansingh,Password1
Michael,Gomez,Michael.Gomez,Michael Gomez,Password1
Michelle,Gomes,Michelle.Gomes,Michelle Gomes,Password1
Mick,Gollings,Mick.Gollings,Mick Gollings,Password1
Mick,Godfrey,Mick.Godfrey,Mick Godfrey,Password1
Mike,Gleeson,Mike.Gleeson,Mike Gleeson,Password1
Mike,Gladwell,Mike.Gladwell,Mike Gladwell,Password1
Mitchell,Gill,Mitchell.Gill,Mitchell Gill,Password1
Mohamed,Gill,Mohamed.Gill,Mohamed Gill,Password1
Mohammad,Ghulam,Mohammad.Ghulam,Mohammad Ghulam,Password1
Monica,Ghedia,Monica.Ghedia,Monica Ghedia,Password1
Moreen,Gentry,Moreen.Gentry,Moreen Gentry,Password1
Mukhtiar,Geard,Mukhtiar.Geard,Mukhtiar Geard,Password1
Naj,Gbenga-Omole,Naj.Gbenga-Omole,Naj Gbenga-Omole,Password1
Narinder,Gasiorek,Narinder.Gasiorek,Narinder Gasiorek,Password1
Narinder,Garrett,Narinder.Garrett,Narinder Garrett,Password1
Nasir,Gallagher,Nasir.Gallagher,Nasir Gallagher,Password1
Nathan,Gale,Nathan.Gale,Nathan Gale,Password1
Nazia,Freeman,Nazia.Freeman,Nazia Freeman,Password1
Nazish,Freeman,Nazish.Freeman,Nazish Freeman,Password1
Neghet,Freeman,Neghet.Freeman,Neghet Freeman,Password1
Nehera,Francis,Nehera.Francis,Nehera Francis,Password1
Neil,Flynn,Neil.Flynn,Neil Flynn,Password1
Neil,Field,Neil.Field,Neil Field,Password1
Neil,Fernandes,Neil.Fernandes,Neil Fernandes,Password1
Nick,Fenton,Nick.Fenton,Nick Fenton,Password1
Nigel,Feng,Nigel.Feng,Nigel Feng,Password1
Nishil,Faux,Nishil.Faux,Nishil Faux,Password1
Olaitan,Farrell,Olaitan.Farrell,Olaitan Farrell,Password1
Pam,Fanning,Pam.Fanning,Pam Fanning,Password1
Parminder,Fahey,Parminder.Fahey,Parminder Fahey,Password1
Pat,Everson,Pat.Everson,Pat Everson,Password1
Pat,Evans,Pat.Evans,Pat Evans,Password1
Patrice,Eriaku,Patrice.Eriaku,Patrice Eriaku,Password1
Patricia,Emmerson,Patricia.Emmerson,Patricia Emmerson,Password1
Patrick,Elgar,Patrick.Elgar,Patrick Elgar,Password1
Patrick,Eleftheriou,Patrick.Eleftheriou,Patrick Eleftheriou,Password1
Patrick,Elbouri,Patrick.Elbouri,Patrick Elbouri,Password1
Paul,Egyiawan,Paul.Egyiawan,Paul Egyiawan,Password1
Paul,Edwards,Paul.Edwards,Paul Edwards,Password1
Paul,Ebanks-Reid,Paul.Ebanks-Reid,Paul Ebanks-Reid,Password1
Paul,Ebanks,Paul.Ebanks,Paul Ebanks,Password1
Paul,East,Paul.East,Paul East,Password1
Paul,Eales,Paul.Eales,Paul Eales,Password1
Paul,Durell,Paul.Durell,Paul Durell,Password1
Paul,Duggal,Paul.Duggal,Paul Duggal,Password1
Paula,Dudley,Paula.Dudley,Paula Dudley,Password1
Peter,DuCille,Peter.DuCille,Peter DuCille,Password1
Peter,Draper,Peter.Draper,Peter Draper,Password1
Peter,Doyle,Peter.Doyle,Peter Doyle,Password1
Peter,Dougherty,Peter.Dougherty,Peter Dougherty,Password1
Peter,Dougan,Peter.Dougan,Peter Dougan,Password1
Peter,Donaldson,Peter.Donaldson,Peter Donaldson,Password1
Peter,Doherty,Peter.Doherty,Peter Doherty,Password1
Peter,Dodds,Peter.Dodds,Peter Dodds,Password1
Peter,Dixon,Peter.Dixon,Peter Dixon,Password1
Phil,Dhokia,Phil.Dhokia,Phil Dhokia,Password1
Phil,Dhillon,Phil.Dhillon,Phil Dhillon,Password1
Phil,Dhatt,Phil.Dhatt,Phil Dhatt,Password1
Philip,Dharmasena,Philip.Dharmasena,Philip Dharmasena,Password1
Philip,Dhanoa,Philip.Dhanoa,Philip Dhanoa,Password1
Philippa,Dhanoa,Philippa.Dhanoa,Philippa Dhanoa,Password1
Preeti,Dhami,Preeti.Dhami,Preeti Dhami,Password1
Priya,Dezso,Priya.Dezso,Priya Dezso,Password1
Purshotam,Devonshire,Purshotam.Devonshire,Purshotam Devonshire,Password1
Radiya,Devismes,Radiya.Devismes,Radiya Devismes,Password1
Raena,Desai,Raena.Desai,Raena Desai,Password1
Raj,Derrick,Raj.Derrick,Raj Derrick,Password1
Raj,Denness,Raj.Denness,Raj Denness,Password1
Rajan,Denness,Rajan.Denness,Rajan Denness,Password1
Rajan,Deegan,Rajan.Deegan,Rajan Deegan,Password1
Randhir,Deayton,Randhir.Deayton,Randhir Deayton,Password1
Randolph,Dean,Randolph.Dean,Randolph Dean,Password1
Ravinder,Deacon,Ravinder.Deacon,Ravinder Deacon,Password1
Ray,Davies,Ray.Davies,Ray Davies,Password1
Ray,Date,Ray.Date,Ray Date,Password1
Raymond,Daly,Raymond.Daly,Raymond Daly,Password1
Rebekka,Da-Cahuna,Rebekka.Da-Cahuna,Rebekka Da-Cahuna,Password1
Rekha,Craft,Rekha.Craft,Rekha Craft,Password1
Rekha,Cox,Rekha.Cox,Rekha Cox,Password1
Riaz,Cox,Riaz.Cox,Riaz Cox,Password1
Richard,Cowles,Richard.Cowles,Richard Cowles,Password1
Richard,Couchman-Boor,Richard.Couchman-Boor,Richard Couchman-Boor,Password1
Rob,Cottington,Rob.Cottington,Rob Cottington,Password1
Rob,Cornell,Rob.Cornell,Rob Cornell,Password1
Robert,Corcoran,Robert.Corcoran,Robert Corcoran,Password1
Robin,Cooper,Robin.Cooper,Robin Cooper,Password1
Roger,Cooper,Roger.Cooper,Roger Cooper,Password1
Roger,Connelly,Roger.Connelly,Roger Connelly,Password1
Ron,Compton,Ron.Compton,Ron Compton,Password1
Rory,Collins,Rory.Collins,Rory Collins,Password1
Rosemarie,Coffils,Rosemarie.Coffils,Rosemarie Coffils,Password1
Rosemary,Coe,Rosemary.Coe,Rosemary Coe,Password1
Roz,Coe,Roz.Coe,Roz Coe,Password1
Ruel,Coates,Ruel.Coates,Ruel Coates,Password1
Rupinder,Clarke,Rupinder.Clarke,Rupinder Clarke,Password1
Rupinder,Claddingbowl,Rupinder.Claddingbowl,Rupinder Claddingbowl,Password1
Sadhna,Cimbracruz,Sadhna.Cimbracruz,Sadhna Cimbracruz,Password1
Sam,Cilia,Sam.Cilia,Sam Cilia,Password1
Sam,Chukwura,Sam.Chukwura,Sam Chukwura,Password1
Santokh,Choudhry,Santokh.Choudhry,Santokh Choudhry,Password1
Sara,Chhokar,Sara.Chhokar,Sara Chhokar,Password1
Sara,Chester,Sara.Chester,Sara Chester,Password1
Sara,Chaudhry,Sara.Chaudhry,Sara Chaudhry,Password1
Sara,Chase,Sara.Chase,Sara Chase,Password1
Sarah,Charleau,Sarah.Charleau,Sarah Charleau,Password1
Sarah,Chandler,Sarah.Chandler,Sarah Chandler,Password1
Sarah,Chadha,Sarah.Chadha,Sarah Chadha,Password1
Sarah,Carver,Sarah.Carver,Sarah Carver,Password1
Sarah,Cartwright,Sarah.Cartwright,Sarah Cartwright,Password1
Sarah,Carter,Sarah.Carter,Sarah Carter,Password1
Sarah-Jayne,Carter,Sarah-Jayne.Carter,Sarah-Jayne Carter,Password1
Sarrah,Carruthers,Sarrah.Carruthers,Sarrah Carruthers,Password1
Saumi,Carman,Saumi.Carman,Saumi Carman,Password1
Sekandar,Cannakamma,Sekandar.Cannakamma,Sekandar Cannakamma,Password1
Shahzad,Campbell,Shahzad.Campbell,Shahzad Campbell,Password1
Shahzad,Butt,Shahzad.Butt,Shahzad Butt,Password1
Shana,Butt,Shana.Butt,Shana Butt,Password1
Sharon,Butt,Sharon.Butt,Sharon Butt,Password1
Sharon,Butler,Sharon.Butler,Sharon Butler,Password1
Sharon,Bush,Sharon.Bush,Sharon Bush,Password1
Shelagh,Burke,Shelagh.Burke,Shelagh Burke,Password1
Shirley,Burke,Shirley.Burke,Shirley Burke,Password1
Shumana,Buckwell,Shumana.Buckwell,Shumana Buckwell,Password1
Simon,Buckley,Simon.Buckley,Simon Buckley,Password1
Simon,Browning,Simon.Browning,Simon Browning,Password1
Simon,Browne,Simon.Browne,Simon Browne,Password1
Siobhan,Browne,Siobhan.Browne,Siobhan Browne,Password1
Sonia,Brown,Sonia.Brown,Sonia Brown,Password1
Stacey,Brown,Stacey.Brown,Stacey Brown,Password1
Stavroulla,Brophy,Stavroulla.Brophy,Stavroulla Brophy,Password1
Stephen,Broad,Stephen.Broad,Stephen Broad,Password1
Steve,Bristol,Steve.Bristol,Steve Bristol,Password1
Steve,Bridle,Steve.Bridle,Steve Bridle,Password1
Steve,Brebner,Steve.Brebner,Steve Brebner,Password1
Steve,Braniff,Steve.Braniff,Steve Braniff,Password1
Steve,Bowley,Steve.Bowley,Steve Bowley,Password1
Steve,Bonner,Steve.Bonner,Steve Bonner,Password1
Steve,Bolton,Steve.Bolton,Steve Bolton,Password1
Steven,Blight,Steven.Blight,Steven Blight,Password1
Sudesh,Blazey,Sudesh.Blazey,Sudesh Blazey,Password1
Sudi,Blaszczyk,Sudi.Blaszczyk,Sudi Blaszczyk,Password1
Sue,Blackford,Sue.Blackford,Sue Blackford,Password1
Sugra,Bird,Sugra.Bird,Sugra Bird,Password1
Sukhdev,Bhoobun,Sukhdev.Bhoobun,Sukhdev Bhoobun,Password1
Sukhvinder,Bhoobun,Sukhvinder.Bhoobun,Sukhvinder Bhoobun,Password1
Suleman,Bhogal,Suleman.Bhogal,Suleman Bhogal,Password1
Suneeta,Bhatti,Suneeta.Bhatti,Suneeta Bhatti,Password1
Sunita,Bhatti,Sunita.Bhatti,Sunita Bhatti,Password1
Surinder,Bharkhada,Surinder.Bharkhada,Surinder Bharkhada,Password1
Susan,Bhardwaj,Susan.Bhardwaj,Susan Bhardwaj,Password1
Susan,Bhalla,Susan.Bhalla,Susan Bhalla,Password1
Susan,Bhachu,Susan.Bhachu,Susan Bhachu,Password1
Suzanne,Berry,Suzanne.Berry,Suzanne Berry,Password1
Sylvia,Bay,Sylvia.Bay,Sylvia Bay,Password1
Tamana,Batty,Tamana.Batty,Tamana Batty,Password1
Tanya,Barrett,Tanya.Barrett,Tanya Barrett,Password1
Tara,Barnard,Tara.Barnard,Tara Barnard,Password1
Teresa,Barclay,Teresa.Barclay,Teresa Barclay,Password1
Terry,Bana,Terry.Bana,Terry Bana,Password1
Theresa,Bamrah,Theresa.Bamrah,Theresa Bamrah,Password1
Thomas,Bamgbose,Thomas.Bamgbose,Thomas Bamgbose,Password1
Thomas,Baldwin,Thomas.Baldwin,Thomas Baldwin,Password1
Tim,Bahl,Tim.Bahl,Tim Bahl,Password1
Tina,Baga,Tina.Baga,Tina Baga,Password1
Tina,Ayers,Tina.Ayers,Tina Ayers,Password1
Tina,Awesome,Tina.Awesome,Tina Awesome,Password1
Titilola,Asuncion,Titilola.Asuncion,Titilola Asuncion,Password1
Tom,Asuncion,Tom.Asuncion,Tom Asuncion,Password1
Tony,Aslam,Tony.Aslam,Tony Aslam,Password1
Tony,Ashton,Tony.Ashton,Tony Ashton,Password1
Tony,Anthony,Tony.Anthony,Tony Anthony,Password1
Tony,Antao,Tony.Antao,Tony Antao,Password1
Tony,Anstis,Tony.Anstis,Tony Anstis,Password1
Tosin,Anim,Tosin.Anim,Tosin Anim,Password1
Tracey,Andrews,Tracey.Andrews,Tracey Andrews,Password1
Trevor,Andrews,Trevor.Andrews,Trevor Andrews,Password1
Trish,Anderson,Trish.Anderson,Trish Anderson,Password1
Umar,Anderson,Umar.Anderson,Umar Anderson,Password1
Vera,Anderson,Vera.Anderson,Vera Anderson,Password1
Vicky,Amanfo,Vicky.Amanfo,Vicky Amanfo,Password1
Vicky,Aloof,Vicky.Aloof,Vicky Aloof,Password1
Victoria,Allum,Victoria.Allum,Victoria Allum,Password1
Victoria,Ali-Kila,Victoria.Ali-Kila,Victoria Ali-Kila,Password1
Vina,Ali,Vina.Ali,Vina Ali,Password1
Vince,Alexander,Vince.Alexander,Vince Alexander,Password1
Vincent,Alexander,Vincent.Alexander,Vincent Alexander,Password1
Vincent,Akinwale,Vincent.Akinwale,Vincent Akinwale,Password1
Warren,Akinmade,Warren.Akinmade,Warren Akinmade,Password1
Wayne,Akinboro,Wayne.Akinboro,Wayne Akinboro,Password1
Wendel,Akerele,Wendel.Akerele,Wendel Akerele,Password1
Wendy,Ahmad,Wendy.Ahmad,Wendy Ahmad,Password1
Wendy,Ahluwalia,Wendy.Ahluwalia,Wendy Ahluwalia,Password1
Wendy,Agun,Wendy.Agun,Wendy Agun,Password1
William,Agarwal,William.Agarwal,William Agarwal,Password1
Yasmin,Adolphe,Yasmin.Adolphe,Yasmin Adolphe,Password1
Yonis,Adeogun,Yonis.Adeogun,Yonis Adeogun,Password1
Yvette,Adegoke,Yvette.Adegoke,Yvette Adegoke,Password1
Yvonne,Acton,Yvonne.Acton,Yvonne Acton,Password1
Zak,Ackrill,Zak.Ackrill,Zak Ackrill,Password1
